Date,Ticker,Action,Shares,Entry_Price,Exit_Price,Stop,PnL_USD,PnL_PCT,Pyramids
2026-02-06,SPY,HOLD,0,,,,,,0
2026-02-06,QQQ,HOLD,0,,,,,,0
2026-02-06,GLD,HOLD,0,,,,,,0
2026-02-06,TLT,HOLD,0,,,,,,0
2026-02-06,DBC,HOLD,0,,,,,,0
2026-02-06,SPY,HOLD,0,,,,,,0
2026-02-06,QQQ,HOLD,0,,,,,,0
2026-02-06,GLD,HOLD,0,,,,,,0
2026-02-06,TLT,HOLD,0,,,,,,0
2026-02-06,DBC,HOLD,0,,,,,,0
2026-02-06,SPY,HOLD,0,,,,,,0
2026-02-06,QQQ,HOLD,0,,,,,,0
2026-02-06,GLD,HOLD,0,,,,,,0
2026-02-06,TLT,HOLD,0,,,,,,0
2026-02-06,DBC,HOLD,0,,,,,,0
2026-02-07,SPY,HOLD,0,,,,,,0
2026-02-07,QQQ,HOLD,0,,,,,,0
2026-02-07,GLD,HOLD,0,,,,,,0
2026-02-07,TLT,HOLD,0,,,,,,0
2026-02-07,DBC,HOLD,0,,,,,,0
2026-02-08,SPY,HOLD,0,,,,,,0
2026-02-08,QQQ,HOLD,0,,,,,,0
2026-02-08,GLD,HOLD,0,,,,,,0
2026-02-08,TLT,HOLD,0,,,,,,0
2026-02-08,DBC,HOLD,0,,,,,,0
2026-02-09,SPY,HOLD,0,,,,,,0
2026-02-09,QQQ,HOLD,0,,,,,,0
2026-02-09,GLD,HOLD,0,,,,,,0
2026-02-09,TLT,HOLD,0,,,,,,0
2026-02-09,DBC,HOLD,0,,,,,,0
2026-02-10,SPY,HOLD,0,,,,,,0
2026-02-10,QQQ,HOLD,0,,,,,,0
2026-02-10,GLD,HOLD,0,,,,,,0
2026-02-10,TLT,BUY,1129,88.52999877929688,,87.38,,,3
2026-02-10,DBC,HOLD,0,,,,,,0
2026-02-11,SPY,HOLD,0,,,,,,0
2026-02-11,QQQ,HOLD,0,,,,,,0
2026-02-11,GLD,HOLD,0,,,,,,0
2026-02-11,TLT,HOLD,1129,88.52999877929688,,87.38,,,3
2026-02-11,DBC,HOLD,0,,,,,,0
2026-02-12,SPY,HOLD,0,,,,,,0
2026-02-12,QQQ,HOLD,0,,,,,,0
2026-02-12,GLD,HOLD,0,,,,,,0
2026-02-12,TLT,HOLD,1129,88.52999877929688,,87.99,,,3
2026-02-12,DBC,HOLD,0,,,,,,0
2026-02-13,SPY,HOLD,0,,,,,,0
2026-02-13,QQQ,HOLD,0,,,,,,0
2026-02-13,GLD,HOLD,0,,,,,,0
2026-02-13,TLT,HOLD,1129,88.52999877929688,,88.47,,,3
2026-02-13,DBC,HOLD,0,,,,,,0
2026-02-14,SPY,HOLD,0,,,,,,0
2026-02-14,QQQ,HOLD,0,,,,,,0
2026-02-14,GLD,HOLD,0,,,,,,0
2026-02-14,TLT,HOLD,1129,88.52999877929688,,88.47,,,3
2026-02-14,DBC,HOLD,0,,,,,,0
2026-02-15,SPY,HOLD,0,,,,,,0
2026-02-15,QQQ,HOLD,0,,,,,,0
2026-02-15,GLD,HOLD,0,,,,,,0
2026-02-15,TLT,HOLD,1129,88.52999877929688,,88.47,,,3
2026-02-15,DBC,HOLD,0,,,,,,0
2026-02-16,SPY,HOLD,0,,,,,,0
2026-02-16,QQQ,HOLD,0,,,,,,0
2026-02-16,GLD,HOLD,0,,,,,,0
2026-02-16,TLT,HOLD,1129,88.52999877929688,,88.47,,,3
2026-02-16,DBC,HOLD,0,,,,,,0
2026-02-17,SPY,HOLD,0,,,,,,0
2026-02-17,QQQ,HOLD,0,,,,,,0
2026-02-17,GLD,HOLD,0,,,,,,0
2026-02-17,TLT,HOLD,1129,88.52999877929688,,88.66,,,3
2026-02-17,DBC,HOLD,0,,,,,,0
2026-02-18,SPY,HOLD,0,,,,,,0
2026-02-18,QQQ,HOLD,0,,,,,,0
2026-02-18,GLD,HOLD,0,,,,,,0
2026-02-18,TLT,HOLD,1129,88.52999877929688,,88.34,,,3
2026-02-18,DBC,HOLD,0,,,,,,0
2026-02-19,SPY,HOLD,0,,,,,,0
2026-02-19,QQQ,HOLD,0,,,,,,0
2026-02-19,GLD,HOLD,0,,,,,,0
2026-02-19,TLT,HOLD,1129,88.52999877929688,,88.47,,,3
2026-02-19,DBC,HOLD,0,,,,,,0
2026-02-20,SPY,HOLD,0,,,,,,0
2026-02-20,QQQ,HOLD,0,,,,,,0
2026-02-20,GLD,HOLD,0,,,,,,0
2026-02-20,TLT,HOLD,1129,88.52999877929688,,88.22,,,3
2026-02-20,DBC,HOLD,0,,,,,,0
2026-02-21,SPY,HOLD,0,,,,,,0
2026-02-21,QQQ,HOLD,0,,,,,,0
2026-02-21,GLD,HOLD,0,,,,,,0
2026-02-21,TLT,HOLD,1129,88.52999877929688,,88.21,,,3
2026-02-21,DBC,HOLD,0,,,,,,0
2026-02-22,SPY,HOLD,0,,,,,,0
2026-02-22,QQQ,HOLD,0,,,,,,0
2026-02-22,GLD,HOLD,0,,,,,,0
2026-02-22,TLT,HOLD,1129,88.52999877929688,,88.21,,,3
2026-02-22,DBC,HOLD,0,,,,,,0
2026-02-23,SPY,HOLD,0,,,,,,0
2026-02-23,QQQ,HOLD,0,,,,,,0
2026-02-23,GLD,HOLD,0,,,,,,0
2026-02-23,TLT,HOLD,1129,88.52999877929688,,88.53,,,3
2026-02-23,DBC,HOLD,0,,,,,,0
2026-02-24,SPY,HOLD,0,,,,,,0
2026-02-24,QQQ,HOLD,0,,,,,,0
2026-02-24,GLD,HOLD,0,,,,,,0
2026-02-24,TLT,HOLD,1129,88.52999877929688,,88.7,,,3
2026-02-24,DBC,HOLD,0,,,,,,0
2026-02-25,SPY,HOLD,0,,,,,,0
2026-02-25,QQQ,HOLD,0,,,,,,0
2026-02-25,GLD,HOLD,0,,,,,,0
2026-02-25,TLT,HOLD,1129,88.52999877929688,,88.7,,,3
2026-02-25,DBC,HOLD,0,,,,,,0
2026-02-26,SPY,HOLD,0,,,,,,0
2026-02-26,QQQ,HOLD,0,,,,,,0
2026-02-26,GLD,HOLD,0,,,,,,0
2026-02-26,TLT,HOLD,1129,88.52999877929688,,89.14,,,3
2026-02-26,DBC,HOLD,0,,,,,,0
2026-02-27,SPY,HOLD,0,,,,,,0
2026-02-27,QQQ,HOLD,0,,,,,,0
2026-02-27,GLD,HOLD,0,,,,,,0
2026-02-27,TLT,HOLD,1129,88.52999877929688,,89.65,,,3
2026-02-27,DBC,HOLD,0,,,,,,0
2026-02-28,SPY,HOLD,0,,,,,,0
2026-02-28,QQQ,HOLD,0,,,,,,0
2026-02-28,GLD,HOLD,0,,,,,,0
2026-02-28,TLT,HOLD,1129,88.52999877929688,,89.65,,,3
2026-02-28,DBC,HOLD,0,,,,,,0
2026-03-01,SPY,HOLD,0,,,,,,0
2026-03-01,QQQ,HOLD,0,,,,,,0
2026-03-01,GLD,HOLD,0,,,,,,0
2026-03-01,TLT,HOLD,1129,88.52999877929688,,89.65,,,3
2026-03-01,DBC,HOLD,0,,,,,,0
2026-03-02,SPY,HOLD,0,,,,,,0
2026-03-02,QQQ,HOLD,0,,,,,,0
2026-03-02,GLD,BUY,204,490.0,,465.26,,,3
2026-03-02,TLT,HOLD,1129,88.52999877929688,,88.31,,,3
2026-03-02,DBC,BUY,3874,25.809999465942383,,25.1,,,3
2026-03-03,SPY,HOLD,0,,,,,,0
2026-03-03,QQQ,HOLD,0,,,,,,0
2026-03-03,GLD,HOLD,204,490.0,,465.26,,,3
2026-03-03,TLT,HOLD,1129,88.52999877929688,,88.22,,,3
2026-03-03,DBC,HOLD,3874,25.809999465942383,,25.12,,,3
2026-03-04,SPY,HOLD,0,,,,,,0
2026-03-04,QQQ,HOLD,0,,,,,,0
2026-03-04,GLD,HOLD,204,490.0,,465.26,,,3
2026-03-04,TLT,HOLD,1129,88.52999877929688,,87.97,,,3
2026-03-04,DBC,HOLD,3874,25.809999465942383,,25.35,,,3
2026-03-05,SPY,HOLD,0,,,,,,0
2026-03-05,QQQ,HOLD,0,,,,,,0
2026-03-05,GLD,HOLD,204,490.0,,465.26,,,3
2026-03-05,TLT,HOLD,1129,88.52999877929688,,87.7,,,3
2026-03-05,DBC,HOLD,3874,25.809999465942383,,25.73,,,3
2026-03-06,SPY,HOLD,0,,,,,,0
2026-03-06,QQQ,HOLD,0,,,,,,0
2026-03-06,GLD,HOLD,204,490.0,,465.26,,,3
2026-03-06,TLT,HOLD,1129,88.52999877929688,,87.38,,,3
2026-03-06,DBC,HOLD,3874,25.809999465942383,,26.59,,,3
2026-03-07,SPY,HOLD,0,,,,,,0
2026-03-07,QQQ,HOLD,0,,,,,,0
2026-03-07,GLD,HOLD,204,490.0,,465.26,,,3
2026-03-07,TLT,HOLD,1129,88.52999877929688,,87.38,,,3
2026-03-07,DBC,HOLD,3874,25.809999465942383,,26.58,,,3
2026-03-08,SPY,HOLD,0,,,,,,0
2026-03-08,QQQ,HOLD,0,,,,,,0
2026-03-08,GLD,HOLD,204,490.0,,465.26,,,3
2026-03-08,TLT,HOLD,1129,88.52999877929688,,87.38,,,3
2026-03-08,DBC,HOLD,3874,25.809999465942383,,26.58,,,3
2026-03-09,SPY,HOLD,0,,,,,,0
2026-03-09,QQQ,HOLD,0,,,,,,0
2026-03-09,GLD,HOLD,204,490.0,,465.26,,,3
2026-03-09,TLT,HOLD,1129,88.52999877929688,,87.98,,,3
2026-03-09,DBC,HOLD,3874,25.809999465942383,,25.99,,,3
2026-03-10,SPY,HOLD,0,,,,,,0
2026-03-10,QQQ,HOLD,0,,,,,,0
2026-03-10,GLD,HOLD,204,490.0,,465.26,,,3
2026-03-10,TLT,HOLD,1129,88.52999877929688,,87.38,,,3
2026-03-10,DBC,HOLD,3874,25.809999465942383,,26.4,,,3
2026-03-11,SPY,HOLD,0,,,,,,0
2026-03-11,QQQ,HOLD,0,,,,,,0
2026-03-11,GLD,HOLD,204,490.0,,465.26,,,3
2026-03-11,TLT,SELL,1129,88.52999877929688,87.13999938964844,87.38,-1569.31,-1.57,3
2026-03-11,DBC,HOLD,3874,25.809999465942383,,26.84,,,3
2026-03-12,SPY,HOLD,0,,,,,,0
2026-03-12,QQQ,HOLD,0,,,,,,0
2026-03-12,GLD,HOLD,204,490.0,,465.26,,,3
2026-03-12,TLT,SELL,1129,88.52999877929688,86.97000122070312,87.38,-1761.24,-1.76,3
2026-03-12,DBC,HOLD,3874,25.809999465942383,,27.49,,,3
2026-03-13,SPY,HOLD,0,,,,,,0
2026-03-13,QQQ,HOLD,0,,,,,,0
2026-03-13,GLD,SELL,204,490.0,460.8399963378906,465.26,-5948.64,-5.95,3
2026-03-13,TLT,SELL,1129,88.52999877929688,86.54000091552734,87.38,-2246.71,-2.25,3
2026-03-13,DBC,HOLD,3874,25.809999465942383,,27.29,,,3
2026-03-14,SPY,HOLD,0,,,,,,0
2026-03-14,QQQ,HOLD,0,,,,,,0
2026-03-14,GLD,SELL,204,490.0,460.8399963378906,465.26,-5948.64,-5.95,3
2026-03-14,TLT,SELL,1129,88.52999877929688,86.54000091552734,87.38,-2246.71,-2.25,3
2026-03-14,DBC,HOLD,3874,25.809999465942383,,27.29,,,3
2026-03-15,SPY,HOLD,0,,,,,,0
2026-03-15,QQQ,HOLD,0,,,,,,0
2026-03-15,GLD,SELL,204,490.0,460.8399963378906,465.26,-5948.64,-5.95,3
2026-03-15,TLT,SELL,1129,88.52999877929688,86.54000091552734,87.38,-2246.71,-2.25,3
2026-03-15,DBC,HOLD,3874,25.809999465942383,,27.29,,,3
2026-03-16,SPY,HOLD,0,,,,,,0
2026-03-16,QQQ,HOLD,0,,,,,,0
2026-03-16,GLD,SELL,204,490.0,460.4299926757813,465.26,-6032.28,-6.03,3
2026-03-16,TLT,SELL,1129,88.52999877929688,87.20999908447266,87.38,-1490.28,-1.49,3
2026-03-16,DBC,HOLD,3874,25.809999465942383,,26.83,,,3
2026-03-17,SPY,HOLD,0,,,,,,0
2026-03-17,QQQ,HOLD,0,,,,,,0
2026-03-17,GLD,SELL,204,490.0,459.2699890136719,465.26,-6268.92,-6.27,3
2026-03-17,TLT,HOLD,1129,88.52999877929688,,87.38,,,3
2026-03-17,DBC,HOLD,3874,25.809999465942383,,27.25,,,3
2026-03-18,SPY,HOLD,0,,,,,,0
2026-03-18,QQQ,HOLD,0,,,,,,0
2026-03-18,GLD,SELL,204,490.0,444.739990234375,465.26,-9233.04,-9.24,3
2026-03-18,TLT,SELL,1129,88.52999877929688,86.95500183105469,87.38,-1778.17,-1.78,3
2026-03-18,DBC,HOLD,3874,25.809999465942383,,27.74,,,3
2026-03-19,SPY,HOLD,0,,,,,,0
2026-03-19,QQQ,HOLD,0,,,,,,0
2026-03-19,GLD,SELL,204,490.0,426.4100036621094,465.26,-12972.36,-12.98,3
2026-03-19,TLT,HOLD,1129,88.52999877929688,,87.38,,,3
2026-03-19,DBC,HOLD,3874,25.809999465942383,,27.25,,,3
2026-03-20,SPY,HOLD,0,,,,,,0
2026-03-20,QQQ,HOLD,0,,,,,,0
2026-03-20,GLD,SELL,204,490.0,413.3800048828125,465.26,-15630.48,-15.64,3
2026-03-20,TLT,SELL,1129,88.52999877929688,85.83000183105469,87.38,-3048.3,-3.05,3
2026-03-20,DBC,HOLD,3874,25.809999465942383,,27.42,,,3
2026-03-21,SPY,HOLD,0,,,,,,0
2026-03-21,QQQ,HOLD,0,,,,,,0
2026-03-21,GLD,SELL,204,490.0,413.3800048828125,465.26,-15630.48,-15.64,3
2026-03-21,TLT,SELL,1129,88.52999877929688,85.83000183105469,87.38,-3048.3,-3.05,3
2026-03-21,DBC,HOLD,3874,25.809999465942383,,27.42,,,3
2026-03-22,SPY,HOLD,0,,,,,,0
2026-03-22,QQQ,HOLD,0,,,,,,0
2026-03-22,GLD,SELL,204,490.0,413.3800048828125,465.26,-15630.48,-15.64,3
2026-03-22,TLT,SELL,1129,88.52999877929688,85.83000183105469,87.38,-3048.3,-3.05,3
2026-03-22,DBC,HOLD,3874,25.809999465942383,,27.42,,,3
2026-03-23,SPY,HOLD,0,,,,,,0
2026-03-23,QQQ,HOLD,0,,,,,,0
2026-03-23,GLD,SELL,204,490.0,404.0400085449219,465.26,-17535.84,-17.54,3
2026-03-23,TLT,SELL,1129,88.52999877929688,86.38500213623047,87.38,-2421.7,-2.42,3
2026-03-23,DBC,HOLD,3874,25.809999465942383,,26.12,,,3
2026-03-24,SPY,HOLD,0,,,,,,0
2026-03-24,QQQ,HOLD,0,,,,,,0
2026-03-24,GLD,SELL,204,490.0,404.1300048828125,465.26,-17517.48,-17.52,3
2026-03-24,TLT,SELL,1129,88.52999877929688,86.01000213623047,87.38,-2845.08,-2.85,3
2026-03-24,DBC,HOLD,3874,25.809999465942383,,26.56,,,3
2026-03-25,SPY,HOLD,0,,,,,,0
2026-03-25,QQQ,HOLD,0,,,,,,0
2026-03-25,GLD,SELL,204,490.0,416.2900085449219,465.26,-15036.84,-15.04,3
2026-03-25,TLT,SELL,1129,88.52999877929688,86.83999633789062,87.38,-1908.01,-1.91,3
2026-03-25,DBC,HOLD,3874,25.809999465942383,,26.51,,,3
2026-03-26,SPY,HOLD,0,,,,,,0
2026-03-26,QQQ,HOLD,0,,,,,,0
2026-03-26,GLD,SELL,204,490.0,400.6400146484375,465.26,-18229.44,-18.24,3
2026-03-26,TLT,SELL,1129,88.52999877929688,86.11000061035156,87.38,-2732.18,-2.73,3
2026-03-26,DBC,HOLD,3874,25.809999465942383,,26.87,,,3
2026-03-27,SPY,HOLD,0,,,,,,0
2026-03-27,QQQ,HOLD,0,,,,,,0
2026-03-27,GLD,SELL,204,490.0,414.7000122070313,465.26,-15361.2,-15.37,3
2026-03-27,TLT,SELL,1129,88.52999877929688,85.63999938964844,87.38,-3262.81,-3.26,3
2026-03-27,DBC,HOLD,3874,25.809999465942383,,27.7,,,3
2026-03-28,SPY,HOLD,0,,,,,,0
2026-03-28,QQQ,HOLD,0,,,,,,0
2026-03-28,GLD,SELL,204,490.0,414.7000122070313,465.26,-15361.2,-15.37,3
2026-03-28,TLT,SELL,1129,88.52999877929688,85.63999938964844,87.38,-3262.81,-3.26,3
2026-03-28,DBC,HOLD,3874,25.809999465942383,,27.7,,,3
2026-03-29,SPY,HOLD,0,,,,,,0
2026-03-29,QQQ,HOLD,0,,,,,,0
2026-03-29,GLD,SELL,204,490.0,414.7000122070313,465.26,-15361.2,-15.37,3
2026-03-29,TLT,SELL,1129,88.52999877929688,85.63999938964844,87.38,-3262.81,-3.26,3
2026-03-29,DBC,HOLD,3874,25.809999465942383,,27.7,,,3
2026-03-30,SPY,HOLD,0,,,,,,0
2026-03-30,QQQ,HOLD,0,,,,,,0
2026-03-30,GLD,SELL,204,490.0,414.5799865722656,465.26,-15385.68,-15.39,3
2026-03-30,TLT,SELL,1129,88.52999877929688,86.77999877929688,87.38,-1975.75,-1.98,3
2026-03-30,DBC,HOLD,3874,25.809999465942383,,27.96,,,3
2026-03-31,SPY,HOLD,0,,,,,,0
2026-03-31,QQQ,HOLD,0,,,,,,0
2026-03-31,GLD,SELL,204,490.0,430.2900085449219,465.26,-12180.84,-12.19,3
2026-03-31,TLT,SELL,1129,88.52999877929688,86.69000244140625,87.38,-2077.36,-2.08,3
2026-03-31,DBC,HOLD,3874,25.809999465942383,,27.68,,,3
2026-04-01,SPY,HOLD,0,,,,,,0
2026-04-01,QQQ,HOLD,0,,,,,,0
2026-04-01,GLD,SELL,204,490.0,437.8200073242188,465.26,-10644.72,-10.65,3
2026-04-01,TLT,SELL,1129,88.52999877929688,86.26000213623047,87.38,-2562.83,-2.56,3
2026-04-01,DBC,HOLD,3874,25.809999465942383,,27.46,,,3
2026-04-02,SPY,HOLD,0,,,,,,0
2026-04-02,QQQ,HOLD,0,,,,,,0
2026-04-02,GLD,SELL,204,490.0,429.4100036621094,465.26,-12360.36,-12.37,3
2026-04-02,TLT,SELL,1129,88.52999877929688,86.79000091552734,87.38,-1964.46,-1.97,3
2026-04-02,DBC,HOLD,3874,25.809999465942383,,28.09,,,3
2026-04-03,SPY,HOLD,0,,,,,,0
2026-04-03,QQQ,HOLD,0,,,,,,0
2026-04-03,GLD,SELL,204,490.0,429.4100036621094,465.26,-12360.36,-12.37,3
2026-04-03,TLT,SELL,1129,88.52999877929688,86.79000091552734,87.38,-1964.46,-1.97,3
2026-04-03,DBC,HOLD,3874,25.809999465942383,,28.09,,,3
2026-04-04,SPY,HOLD,0,,,,,,0
2026-04-04,QQQ,HOLD,0,,,,,,0
2026-04-04,GLD,SELL,204,490.0,429.4100036621094,465.26,-12360.36,-12.37,3
2026-04-04,TLT,SELL,1129,88.52999877929688,86.79000091552734,87.38,-1964.46,-1.97,3
2026-04-04,DBC,HOLD,3874,25.809999465942383,,28.09,,,3
2026-04-05,SPY,HOLD,0,,,,,,0
2026-04-05,QQQ,HOLD,0,,,,,,0
2026-04-05,GLD,SELL,204,490.0,429.4100036621094,465.26,-12360.36,-12.37,3
2026-04-05,TLT,SELL,1129,88.52999877929688,86.79000091552734,87.38,-1964.46,-1.97,3
2026-04-05,DBC,HOLD,3874,25.809999465942383,,28.09,,,3
2026-04-06,SPY,HOLD,0,,,,,,0
2026-04-06,QQQ,HOLD,0,,,,,,0
2026-04-06,GLD,SELL,204,490.0,427.6499938964844,465.26,-12719.4,-12.72,3
2026-04-06,TLT,SELL,1129,88.52999877929688,86.6500015258789,87.38,-2122.52,-2.12,3
2026-04-06,DBC,HOLD,3874,25.809999465942383,,28.27,,,3
2026-04-07,SPY,HOLD,0,,,,,,0
2026-04-07,QQQ,HOLD,0,,,,,,0
2026-04-07,GLD,SELL,204,490.0,431.80999755859375,465.26,-11870.76,-11.88,3
2026-04-07,TLT,SELL,1129,88.52999877929688,86.63999938964844,87.38,-2133.81,-2.13,3
2026-04-07,DBC,HOLD,3874,25.809999465942383,,28.13,,,3
2026-04-08,SPY,HOLD,0,,,,,,0
2026-04-08,QQQ,HOLD,0,,,,,,0
2026-04-08,GLD,SELL,204,490.0,434.5299987792969,465.26,-11315.88,-11.32,3
2026-04-08,TLT,SELL,1129,88.52999877929688,86.91999816894531,87.38,-1817.69,-1.82,3
2026-04-08,DBC,HOLD,3874,25.809999465942383,,27.2,,,3
2026-04-09,SPY,BUY,147,679.9099731445312,,657.61,,,3
2026-04-09,QQQ,HOLD,0,,,,,,0
2026-04-09,GLD,SELL,204,490.0,437.9100036621094,465.26,-10626.36,-10.63,3
2026-04-09,TLT,SELL,1129,88.52999877929688,86.69999694824219,87.38,-2066.07,-2.07,3
2026-04-09,DBC,HOLD,3874,25.809999465942383,,27.38,,,3
2026-04-10,SPY,HOLD,147,679.9099731445312,,658.55,,,3
2026-04-10,QQQ,BUY,163,611.0700073242188,,588.11,,,3
2026-04-10,GLD,SELL,204,490.0,437.1300048828125,465.26,-10785.48,-10.79,3
2026-04-10,TLT,SELL,1129,88.52999877929688,86.48999786376953,87.38,-2303.16,-2.3,3
2026-04-10,DBC,HOLD,3874,25.809999465942383,,27.18,,,3
2026-04-11,SPY,HOLD,147,679.9099731445312,,658.55,,,3
2026-04-11,QQQ,HOLD,163,611.0700073242188,,588.11,,,3
2026-04-11,GLD,SELL,204,490.0,437.1300048828125,465.26,-10785.48,-10.79,3
2026-04-11,TLT,SELL,1129,88.52999877929688,86.48999786376953,87.38,-2303.16,-2.3,3
2026-04-11,DBC,HOLD,3874,25.809999465942383,,27.18,,,3
2026-04-12,SPY,HOLD,147,679.9099731445312,,658.55,,,3
2026-04-12,QQQ,HOLD,163,611.0700073242188,,588.11,,,3
2026-04-12,GLD,SELL,204,490.0,437.1300048828125,465.26,-10785.48,-10.79,3
2026-04-12,TLT,SELL,1129,88.52999877929688,86.48999786376953,87.38,-2303.16,-2.3,3
2026-04-12,DBC,HOLD,3874,25.809999465942383,,27.18,,,3
2026-04-13,SPY,HOLD,147,679.9099731445312,,665.8,,,3
2026-04-13,QQQ,HOLD,163,611.0700073242188,,594.99,,,3
2026-04-13,GLD,SELL,204,490.0,435.3599853515625,465.26,-11146.56,-11.15,3
2026-04-13,TLT,SELL,1129,88.52999877929688,86.75,87.38,-2009.62,-2.01,3
2026-04-13,DBC,HOLD,3874,25.809999465942383,,27.74,,,3
2026-04-14,SPY,HOLD,147,679.9099731445312,,673.97,,,3
2026-04-14,QQQ,HOLD,163,611.0700073242188,,604.21,,,3
2026-04-14,GLD,SELL,204,490.0,445.0899963378906,465.26,-9161.64,-9.17,3
2026-04-14,TLT,SELL,1129,88.52999877929688,87.20999908447266,87.38,-1490.28,-1.49,3
2026-04-14,DBC,HOLD,3874,25.809999465942383,,27.67,,,3
2026-04-15,SPY,HOLD,147,679.9099731445312,,679.7,,,3
2026-04-15,QQQ,HOLD,163,611.0700073242188,,612.72,,,3
2026-04-15,GLD,SELL,204,490.0,440.4599914550781,465.26,-10106.16,-10.11,3
2026-04-15,TLT,SELL,1129,88.52999877929688,86.83000183105469,87.38,-1919.3,-1.92,3
2026-04-15,DBC,HOLD,3874,25.809999465942383,,27.75,,,3
2026-04-16,SPY,HOLD,147,679.9099731445312,,682.51,,,3
2026-04-16,QQQ,HOLD,163,611.0700073242188,,616.83,,,3
2026-04-16,GLD,SELL,204,490.0,440.0799865722656,465.26,-10183.68,-10.19,3
2026-04-16,TLT,SELL,1129,88.52999877929688,86.27999877929688,87.38,-2540.25,-2.54,3
2026-04-16,DBC,HOLD,3874,25.809999465942383,,27.98,,,3
2026-04-17,SPY,HOLD,147,679.9099731445312,,691.17,,,3
2026-04-17,QQQ,HOLD,163,611.0700073242188,,625.59,,,3
2026-04-17,GLD,SELL,204,490.0,445.9299926757813,465.26,-8990.28,-8.99,3
2026-04-17,TLT,SELL,1129,88.52999877929688,87.06999969482422,87.38,-1648.34,-1.65,3
2026-04-17,DBC,HOLD,3874,25.809999465942383,,27.09,,,3
2026-04-18,SPY,HOLD,147,679.9099731445312,,691.17,,,3
2026-04-18,QQQ,HOLD,163,611.0700073242188,,625.59,,,3
2026-04-18,GLD,SELL,204,490.0,445.9299926757813,465.26,-8990.28,-8.99,3
2026-04-18,TLT,SELL,1129,88.52999877929688,87.06999969482422,87.38,-1648.34,-1.65,3
2026-04-18,DBC,HOLD,3874,25.809999465942383,,27.09,,,3
2026-04-19,SPY,HOLD,147,679.9099731445312,,691.17,,,3
2026-04-19,QQQ,HOLD,163,611.0700073242188,,625.59,,,3
2026-04-19,GLD,SELL,204,490.0,445.9299926757813,465.26,-8990.28,-8.99,3
2026-04-19,TLT,SELL,1129,88.52999877929688,87.06999969482422,87.38,-1648.34,-1.65,3
2026-04-19,DBC,HOLD,3874,25.809999465942383,,27.09,,,3
2026-04-20,SPY,HOLD,147,679.9099731445312,,690.77,,,3
2026-04-20,QQQ,HOLD,163,611.0700073242188,,624.41,,,3
2026-04-20,GLD,SELL,204,490.0,442.0899963378906,465.26,-9773.64,-9.78,3
2026-04-20,TLT,SELL,1129,88.52999877929688,87.05000305175781,87.38,-1670.92,-1.67,3
2026-04-20,DBC,HOLD,3874,25.809999465942383,,27.45,,,3
2026-04-21,SPY,HOLD,147,679.9099731445312,,687.69,,,3
2026-04-21,QQQ,HOLD,163,611.0700073242188,,623.72,,,3
2026-04-21,GLD,SELL,204,490.0,429.5700073242188,465.26,-12327.72,-12.33,3
2026-04-21,TLT,SELL,1129,88.52999877929688,86.56999969482422,87.38,-2212.84,-2.21,3
2026-04-21,DBC,HOLD,3874,25.809999465942383,,27.98,,,3
2026-04-22,SPY,HOLD,147,679.9099731445312,,694.93,,,3
2026-04-22,QQQ,HOLD,163,611.0700073242188,,634.43,,,3
2026-04-22,GLD,SELL,204,490.0,435.260009765625,465.26,-11166.96,-11.17,3
2026-04-22,TLT,SELL,1129,88.52999877929688,86.73999786376953,87.38,-2020.91,-2.02,3
2026-04-22,DBC,HOLD,3874,25.809999465942383,,28.29,,,3
2026-04-23,SPY,HOLD,147,679.9099731445312,,692.6,,,3
2026-04-23,QQQ,HOLD,163,611.0700073242188,,631.13,,,3
2026-04-23,GLD,SELL,204,490.0,431.0400085449219,465.26,-12027.84,-12.03,3
2026-04-23,TLT,SELL,1129,88.52999877929688,86.55000305175781,87.38,-2235.42,-2.24,3
2026-04-23,DBC,HOLD,3874,25.809999465942383,,28.71,,,3
2026-04-24,SPY,HOLD,147,679.9099731445312,,697.83,,,3
2026-04-24,QQQ,HOLD,163,611.0700073242188,,642.57,,,3
2026-04-24,GLD,SELL,204,490.0,433.25,465.26,-11577.0,-11.58,3
2026-04-24,TLT,SELL,1129,88.52999877929688,86.70999908447266,87.38,-2054.78,-2.06,3
2026-04-24,DBC,HOLD,3874,25.809999465942383,,28.68,,,3
2026-04-25,SPY,HOLD,147,679.9099731445312,,697.83,,,3
2026-04-25,QQQ,HOLD,163,611.0700073242188,,642.57,,,3
2026-04-25,GLD,SELL,204,490.0,433.25,465.26,-11577.0,-11.58,3
2026-04-25,TLT,SELL,1129,88.52999877929688,86.70999908447266,87.38,-2054.78,-2.06,3
2026-04-25,DBC,HOLD,3874,25.809999465942383,,28.68,,,3
2026-04-26,SPY,HOLD,147,679.9099731445312,,697.83,,,3
2026-04-26,QQQ,HOLD,163,611.0700073242188,,642.57,,,3
2026-04-26,GLD,SELL,204,490.0,433.25,465.26,-11577.0,-11.58,3
2026-04-26,TLT,SELL,1129,88.52999877929688,86.70999908447266,87.38,-2054.78,-2.06,3
2026-04-26,DBC,HOLD,3874,25.809999465942383,,28.68,,,3
2026-04-27,SPY,HOLD,147,679.9099731445312,,699.81,,,3
2026-04-27,QQQ,HOLD,163,611.0700073242188,,643.9,,,3
2026-04-27,GLD,SELL,204,490.0,429.8900146484375,465.26,-12262.44,-12.27,3
2026-04-27,TLT,SELL,1129,88.52999877929688,86.27999877929688,87.38,-2540.25,-2.54,3
2026-04-27,DBC,HOLD,3874,25.809999465942383,,28.95,,,3
2026-04-28,SPY,HOLD,147,679.9099731445312,,698.03,,,3
2026-04-28,QQQ,HOLD,163,611.0700073242188,,638.77,,,3
2026-04-28,GLD,SELL,204,490.0,421.9100036621094,465.26,-13890.36,-13.9,3
2026-04-28,TLT,SELL,1129,88.52999877929688,86.37000274658203,87.38,-2438.64,-2.44,3
2026-04-28,DBC,HOLD,3874,25.809999465942383,,29.35,,,3
2026-04-29,SPY,HOLD,147,679.9099731445312,,698.43,,,3
2026-04-29,QQQ,HOLD,163,611.0700073242188,,643.13,,,3
2026-04-29,GLD,SELL,204,490.0,417.4100036621094,465.26,-14808.36,-14.81,3
2026-04-29,TLT,SELL,1129,88.52999877929688,85.69999694824219,87.38,-3195.07,-3.2,3
2026-04-29,DBC,HOLD,3874,25.809999465942383,,30.06,,,3
2026-04-30,SPY,HOLD,147,679.9099731445312,,704.69,,,3
2026-04-30,QQQ,HOLD,163,611.0700073242188,,648.28,,,3
2026-04-30,GLD,SELL,204,490.0,423.6600036621094,465.26,-13533.36,-13.54,3
2026-04-30,TLT,SELL,1129,88.52999877929688,85.62000274658203,87.38,-3285.39,-3.29,3
2026-04-30,DBC,HOLD,3874,25.809999465942383,,30.07,,,3
2026-05-01,SPY,HOLD,147,679.9099731445312,,707.18,,,3
2026-05-01,QQQ,HOLD,163,611.0700073242188,,656.16,,,3
2026-05-01,GLD,SELL,204,490.0,423.1799926757813,465.26,-13631.28,-13.64,3
2026-05-01,TLT,SELL,1129,88.52999877929688,85.61000061035156,87.38,-3296.68,-3.3,3
2026-05-01,DBC,HOLD,3874,25.809999465942383,,29.83,,,3
2026-05-02,SPY,HOLD,147,679.9099731445312,,707.18,,,3
2026-05-02,QQQ,HOLD,163,611.0700073242188,,656.16,,,3
2026-05-02,GLD,SELL,204,490.0,423.1799926757813,465.26,-13631.28,-13.64,3
2026-05-02,TLT,SELL,1129,88.52999877929688,85.61000061035156,87.38,-3296.68,-3.3,3
2026-05-02,DBC,HOLD,3874,25.809999465942383,,29.83,,,3
2026-05-03,SPY,HOLD,147,679.9099731445312,,707.18,,,3
2026-05-03,QQQ,HOLD,163,611.0700073242188,,656.16,,,3
2026-05-03,GLD,SELL,204,490.0,423.1799926757813,465.26,-13631.28,-13.64,3
2026-05-03,TLT,SELL,1129,88.52999877929688,85.61000061035156,87.38,-3296.68,-3.3,3
2026-05-03,DBC,HOLD,3874,25.809999465942383,,29.83,,,3
2026-05-04,SPY,HOLD,147,679.9099731445312,,704.73,,,3
2026-05-04,QQQ,HOLD,163,611.0700073242188,,655.37,,,3
2026-05-04,GLD,SELL,204,490.0,414.7099914550781,465.26,-15359.16,-15.37,3
2026-05-04,TLT,SELL,1129,88.52999877929688,84.95999908447266,87.38,-4030.53,-4.03,3
2026-05-04,DBC,HOLD,3874,25.809999465942383,,30.31,,,3
2026-05-05,SPY,HOLD,147,679.9099731445312,,710.36,,,3
2026-05-05,QQQ,HOLD,163,611.0700073242188,,664.06,,,3
2026-05-05,GLD,SELL,204,490.0,418.2699890136719,465.26,-14632.92,-14.64,3
2026-05-05,TLT,SELL,1129,88.52999877929688,85.43000030517578,87.38,-3499.9,-3.5,3
2026-05-05,DBC,HOLD,3874,25.809999465942383,,30.17,,,3
2026-05-06,SPY,HOLD,147,679.9099731445312,,719.48,,,3
2026-05-06,QQQ,HOLD,163,611.0700073242188,,677.16,,,3
2026-05-06,GLD,SELL,204,490.0,430.9599914550781,465.26,-12044.16,-12.05,3
2026-05-06,TLT,SELL,1129,88.52999877929688,86.08000183105469,87.38,-2766.05,-2.77,3
2026-05-06,DBC,HOLD,3874,25.809999465942383,,29.08,,,3
2026-05-07,SPY,HOLD,147,679.9099731445312,,717.85,,,3
2026-05-07,QQQ,HOLD,163,611.0700073242188,,676.35,,,3
2026-05-07,GLD,SELL,204,490.0,431.6799926757813,465.26,-11897.28,-11.9,3
2026-05-07,TLT,SELL,1129,88.52999877929688,85.6500015258789,87.38,-3251.52,-3.25,3
2026-05-07,DBC,HOLD,3874,25.809999465942383,,29.19,,,3
2026-05-08,SPY,HOLD,147,679.9099731445312,,723.54,,,3
2026-05-08,QQQ,HOLD,163,611.0700073242188,,691.21,,,3
2026-05-08,GLD,SELL,204,490.0,433.7699890136719,465.26,-11470.92,-11.48,3
2026-05-08,TLT,SELL,1129,88.52999877929688,86.08000183105469,87.38,-2766.05,-2.77,3
2026-05-08,DBC,HOLD,3874,25.809999465942383,,29.27,,,3
2026-05-09,SPY,HOLD,147,679.9099731445312,,723.53,,,3
2026-05-09,QQQ,HOLD,163,611.0700073242188,,691.21,,,3
2026-05-09,GLD,SELL,204,490.0,433.7699890136719,465.26,-11470.92,-11.48,3
2026-05-09,TLT,SELL,1129,88.52999877929688,86.08000183105469,87.38,-2766.05,-2.77,3
2026-05-09,DBC,HOLD,3874,25.809999465942383,,29.27,,,3
2026-05-10,SPY,HOLD,147,679.9099731445312,,723.53,,,3
2026-05-10,QQQ,HOLD,163,611.0700073242188,,691.21,,,3
2026-05-10,GLD,SELL,204,490.0,433.7699890136719,465.26,-11470.92,-11.48,3
2026-05-10,TLT,SELL,1129,88.52999877929688,86.08000183105469,87.38,-2766.05,-2.77,3
2026-05-10,DBC,HOLD,3874,25.809999465942383,,29.27,,,3
2026-05-11,SPY,HOLD,147,679.9099731445312,,725.83,,,3
2026-05-11,QQQ,HOLD,163,611.0700073242188,,693.6,,,3
2026-05-11,GLD,SELL,204,490.0,434.6499938964844,465.26,-11291.4,-11.3,3
2026-05-11,TLT,SELL,1129,88.52999877929688,85.55999755859375,87.38,-3353.13,-3.35,3
2026-05-11,DBC,HOLD,3874,25.809999465942383,,30.0,,,3
2026-05-12,SPY,HOLD,147,679.9099731445312,,724.69,,,3
2026-05-12,QQQ,HOLD,163,611.0700073242188,,686.75,,,3
2026-05-12,GLD,SELL,204,490.0,432.9299926757813,465.26,-11642.28,-11.65,3
2026-05-12,TLT,SELL,1129,88.52999877929688,84.98999786376953,87.38,-3996.66,-4.0,3
2026-05-12,DBC,HOLD,3874,25.809999465942383,,30.59,,,3
2026-05-13,SPY,HOLD,147,679.9099731445312,,729.06,,,3
2026-05-13,QQQ,HOLD,163,611.0700073242188,,694.15,,,3
2026-05-13,GLD,SELL,204,490.0,430.5,465.26,-12138.0,-12.14,3
2026-05-13,TLT,SELL,1129,88.52999877929688,84.80000305175781,87.38,-4211.17,-4.21,3
2026-05-13,DBC,HOLD,3874,25.809999465942383,,30.29,,,3
2026-05-14,SPY,HOLD,147,679.9099731445312,,734.75,,,3
2026-05-14,QQQ,HOLD,163,611.0700073242188,,699.99,,,3
2026-05-14,GLD,SELL,204,490.0,427.2099914550781,465.26,-12809.16,-12.81,3
2026-05-14,TLT,SELL,1129,88.52999877929688,84.91999816894531,87.38,-4075.69,-4.08,3
2026-05-14,DBC,HOLD,3874,25.809999465942383,,30.05,,,3
2026-05-15,SPY,HOLD,147,679.9099731445312,,724.76,,,3
2026-05-15,QQQ,HOLD,163,611.0700073242188,,687.63,,,3
2026-05-15,GLD,SELL,204,490.0,417.2900085449219,465.26,-14832.84,-14.84,3
2026-05-15,TLT,SELL,1129,88.52999877929688,83.66000366210938,87.38,-5498.22,-5.5,3
2026-05-15,DBC,HOLD,3874,25.809999465942383,,30.11,,,3
2026-05-16,SPY,HOLD,147,679.9099731445312,,724.76,,,3
2026-05-16,QQQ,HOLD,163,611.0700073242188,,687.63,,,3
2026-05-16,GLD,SELL,204,490.0,417.2900085449219,465.26,-14832.84,-14.84,3
2026-05-16,TLT,SELL,1129,88.52999877929688,83.66000366210938,87.38,-5498.22,-5.5,3
2026-05-16,DBC,HOLD,3874,25.809999465942383,,30.11,,,3
2026-05-17,SPY,HOLD,147,679.9099731445312,,724.76,,,3
2026-05-17,QQQ,HOLD,163,611.0700073242188,,687.63,,,3
2026-05-17,GLD,SELL,204,490.0,417.2900085449219,465.26,-14832.84,-14.84,3
2026-05-17,TLT,SELL,1129,88.52999877929688,83.66000366210938,87.38,-5498.22,-5.5,3
2026-05-17,DBC,HOLD,3874,25.809999465942383,,30.11,,,3
2026-05-18,SPY,HOLD,147,679.9099731445312,,723.95,,,3
2026-05-18,QQQ,HOLD,163,611.0700073242188,,684.18,,,3
2026-05-18,GLD,SELL,204,490.0,418.4299926757813,465.26,-14600.28,-14.61,3
2026-05-18,TLT,SELL,1129,88.52999877929688,83.55999755859375,87.38,-5611.13,-5.61,3
2026-05-18,DBC,HOLD,3874,25.809999465942383,,30.26,,,3
2026-05-19,SPY,HOLD,147,679.9099731445312,,718.55,,,3
2026-05-19,QQQ,HOLD,163,611.0700073242188,,678.96,,,3
2026-05-19,GLD,SELL,204,490.0,411.5,465.26,-16014.0,-16.02,3
2026-05-19,TLT,SELL,1129,88.52999877929688,83.0199966430664,87.38,-6220.79,-6.22,3
2026-05-19,DBC,HOLD,3874,25.809999465942383,,30.55,,,3
2026-05-20,SPY,HOLD,147,679.9099731445312,,726.24,,,3
2026-05-20,QQQ,HOLD,163,611.0700073242188,,690.53,,,3
2026-05-20,GLD,SELL,204,490.0,417.3999938964844,465.26,-14810.4,-14.82,3
2026-05-20,TLT,SELL,1129,88.52999877929688,83.91000366210938,87.38,-5215.97,-5.22,3
2026-05-20,DBC,HOLD,3874,25.809999465942383,,29.73,,,3
2026-05-21,SPY,HOLD,147,679.9099731445312,,727.48,,,3
2026-05-21,QQQ,HOLD,163,611.0700073242188,,691.59,,,3
2026-05-21,GLD,SELL,204,490.0,416.989990234375,465.26,-14894.04,-14.9,3
2026-05-21,TLT,SELL,1129,88.52999877929688,84.22000122070312,87.38,-4865.99,-4.87,3
2026-05-21,DBC,HOLD,3874,25.809999465942383,,29.5,,,3
2026-05-22,SPY,HOLD,147,679.9099731445312,,730.53,,,3
2026-05-22,QQQ,HOLD,163,611.0700073242188,,694.65,,,3
2026-05-22,GLD,SELL,204,490.0,413.8200073242188,465.26,-15540.72,-15.55,3
2026-05-22,TLT,SELL,1129,88.52999877929688,84.68000030517578,87.38,-4346.65,-4.35,3
2026-05-22,DBC,HOLD,3874,25.809999465942383,,29.37,,,3
2026-05-23,SPY,HOLD,147,679.9099731445312,,730.53,,,3
2026-05-23,QQQ,HOLD,163,611.0700073242188,,694.65,,,3
2026-05-23,GLD,SELL,204,490.0,413.8200073242188,465.26,-15540.72,-15.55,3
2026-05-23,TLT,SELL,1129,88.52999877929688,84.68000030517578,87.38,-4346.65,-4.35,3
2026-05-23,DBC,HOLD,3874,25.809999465942383,,29.37,,,3
2026-05-24,SPY,HOLD,147,679.9099731445312,,730.53,,,3
2026-05-24,QQQ,HOLD,163,611.0700073242188,,694.65,,,3
2026-05-24,GLD,SELL,204,490.0,413.8200073242188,465.26,-15540.72,-15.55,3
2026-05-24,TLT,SELL,1129,88.52999877929688,84.68000030517578,87.38,-4346.65,-4.35,3
2026-05-24,DBC,HOLD,3874,25.809999465942383,,29.37,,,3
2026-05-25,SPY,HOLD,147,679.9099731445312,,730.53,,,3
2026-05-25,QQQ,HOLD,163,611.0700073242188,,694.65,,,3
2026-05-25,GLD,SELL,204,490.0,413.8200073242188,465.26,-15540.72,-15.55,3
2026-05-25,TLT,SELL,1129,88.52999877929688,84.68000030517578,87.38,-4346.65,-4.35,3
2026-05-25,DBC,HOLD,3874,25.809999465942383,,29.37,,,3
2026-05-26,SPY,HOLD,147,679.9099731445312,,735.56,,,3
2026-05-26,QQQ,HOLD,163,611.0700073242188,,706.86,,,3
2026-05-26,GLD,SELL,204,490.0,414.0,465.26,-15504.0,-15.51,3
2026-05-26,TLT,SELL,1129,88.52999877929688,85.0999984741211,87.38,-3872.47,-3.87,3
2026-05-26,DBC,HOLD,3874,25.809999465942383,,28.82,,,3
2026-05-27,SPY,HOLD,147,679.9099731445312,,736.52,,,3
2026-05-27,QQQ,HOLD,163,611.0700073242188,,706.95,,,3
2026-05-27,GLD,SELL,204,490.0,408.489990234375,465.26,-16628.04,-16.63,3
2026-05-27,TLT,SELL,1129,88.52999877929688,85.30000305175781,87.38,-3646.67,-3.65,3
2026-05-27,DBC,HOLD,3874,25.809999465942383,,28.34,,,3
2026-05-28,SPY,HOLD,147,679.9099731445312,,740.73,,,3
2026-05-28,QQQ,HOLD,163,611.0700073242188,,713.0,,,3
2026-05-28,GLD,SELL,204,490.0,412.7699890136719,465.26,-15754.92,-15.76,3
2026-05-28,TLT,SELL,1129,88.52999877929688,85.73999786376953,87.38,-3149.91,-3.15,3
2026-05-28,DBC,HOLD,3874,25.809999465942383,,28.62,,,3
2026-05-29,SPY,HOLD,147,679.9099731445312,,743.04,,,3
2026-05-29,QQQ,HOLD,163,611.0700073242188,,717.12,,,3
2026-05-29,GLD,SELL,204,490.0,417.1199951171875,465.26,-14867.52,-14.87,3
2026-05-29,TLT,SELL,1129,88.52999877929688,85.76000213623047,87.38,-3127.33,-3.13,3
2026-05-29,DBC,HOLD,3874,25.809999465942383,,28.36,,,3
2026-05-30,SPY,HOLD,147,679.9099731445312,,743.04,,,3
2026-05-30,QQQ,HOLD,163,611.0700073242188,,717.12,,,3
2026-05-30,GLD,SELL,204,490.0,417.1199951171875,465.26,-14867.52,-14.87,3
2026-05-30,TLT,SELL,1129,88.52999877929688,85.76000213623047,87.38,-3127.33,-3.13,3
2026-05-30,DBC,HOLD,3874,25.809999465942383,,28.36,,,3
2026-05-31,SPY,HOLD,147,679.9099731445312,,743.04,,,3
2026-05-31,QQQ,HOLD,163,611.0700073242188,,717.12,,,3
2026-05-31,GLD,SELL,204,490.0,417.1199951171875,465.26,-14867.52,-14.87,3
2026-05-31,TLT,SELL,1129,88.52999877929688,85.76000213623047,87.38,-3127.33,-3.13,3
2026-05-31,DBC,HOLD,3874,25.809999465942383,,28.36,,,3
2026-06-01,SPY,HOLD,147,679.9099731445312,,744.92,,,3
2026-06-01,QQQ,HOLD,163,611.0700073242188,,720.98,,,3
2026-06-01,GLD,SELL,204,490.0,411.260009765625,465.26,-16062.96,-16.07,3
2026-06-01,TLT,SELL,1129,88.52999877929688,85.47000122070312,87.38,-3454.74,-3.46,3
2026-06-01,DBC,HOLD,3874,25.809999465942383,,28.88,,,3
2026-06-03,SPY,HOLD,147,679.9099731445312,,746.5,,,3
2026-06-03,QQQ,HOLD,163,611.0700073242188,,725.75,,,3
2026-06-03,GLD,SELL,204,490.0,411.9500122070313,465.26,-15922.2,-15.93,3
2026-06-03,TLT,SELL,1129,88.52999877929688,85.6500015258789,87.38,-3251.52,-3.25,3
2026-06-03,DBC,HOLD,3874,25.809999465942383,,29.07,,,3
2026-06-03,SPY,HOLD,147,679.9099731445312,,741.52,,,3
2026-06-03,QQQ,HOLD,163,611.0700073242188,,724.4,,,3
2026-06-03,GLD,SELL,204,490.0,407.8699951171875,465.26,-16754.52,-16.76,3
2026-06-03,TLT,SELL,1129,88.52999877929688,85.30999755859375,87.38,-3635.38,-3.64,3
2026-06-03,DBC,HOLD,3874,25.809999465942383,,29.27,,,3
2026-06-04,SPY,HOLD,147,679.9099731445312,,744.42,,,3
2026-06-04,QQQ,HOLD,163,611.0700073242188,,720.26,,,3
2026-06-04,GLD,SELL,204,490.0,411.2699890136719,465.26,-16060.92,-16.07,3
2026-06-04,TLT,SELL,1129,88.52999877929688,85.5,87.38,-3420.87,-3.42,3
2026-06-04,DBC,HOLD,3874,25.809999465942383,,28.84,,,3
2026-06-05,SPY,HOLD,147,679.9099731445312,,723.26,,,3
2026-06-05,QQQ,HOLD,163,611.0700073242188,,681.56,,,3
2026-06-05,GLD,SELL,204,490.0,396.239990234375,465.26,-19127.04,-19.13,3
2026-06-05,TLT,SELL,1129,88.52999877929688,85.05999755859375,87.38,-3917.63,-3.92,3
2026-06-05,DBC,HOLD,3874,25.809999465942383,,28.12,,,3
2026-06-06,SPY,HOLD,147,679.9099731445312,,723.26,,,3
2026-06-06,QQQ,HOLD,163,611.0700073242188,,681.56,,,3
2026-06-06,GLD,SELL,204,490.0,396.239990234375,465.26,-19127.04,-19.13,3
2026-06-06,TLT,SELL,1129,88.52999877929688,85.05999755859375,87.38,-3917.63,-3.92,3
2026-06-06,DBC,HOLD,3874,25.809999465942383,,28.12,,,3
2026-06-07,SPY,HOLD,147,679.9099731445312,,723.26,,,3
2026-06-07,QQQ,HOLD,163,611.0700073242188,,681.56,,,3
2026-06-07,GLD,SELL,204,490.0,396.239990234375,465.26,-19127.04,-19.13,3
2026-06-07,TLT,SELL,1129,88.52999877929688,85.05999755859375,87.38,-3917.63,-3.92,3
2026-06-07,DBC,HOLD,3874,25.809999465942383,,28.12,,,3
2026-06-08,SPY,HOLD,147,679.9099731445312,,724.96,,,3
2026-06-08,QQQ,HOLD,163,611.0700073242188,,691.89,,,3
2026-06-08,GLD,SELL,204,490.0,397.2699890136719,465.26,-18916.92,-18.92,3
2026-06-08,TLT,SELL,1129,88.52999877929688,84.62000274658203,87.38,-4414.39,-4.42,3
2026-06-08,DBC,HOLD,3874,25.809999465942383,,28.4,,,3
2026-06-09,SPY,HOLD,147,679.9099731445312,,720.34,,,3
2026-06-09,QQQ,HOLD,163,611.0700073242188,,679.64,,,3
2026-06-09,GLD,SELL,204,490.0,390.7799987792969,465.26,-20240.88,-20.25,3
2026-06-09,TLT,SELL,1129,88.52999877929688,85.12000274658203,87.38,-3849.89,-3.85,3
2026-06-09,DBC,HOLD,3874,25.809999465942383,,27.95,,,3
2026-06-10,SPY,HOLD,147,679.9099731445312,,708.02,,,3
2026-06-10,QQQ,HOLD,163,611.0700073242188,,664.54,,,3
2026-06-10,GLD,SELL,204,490.0,374.5799865722656,465.26,-23545.68,-23.56,3
2026-06-10,TLT,SELL,1129,88.52999877929688,84.87999725341797,87.38,-4120.85,-4.12,3
2026-06-10,DBC,HOLD,3874,25.809999465942383,,28.14,,,3
2026-06-11,SPY,HOLD,147,679.9099731445312,,719.24,,,3
2026-06-11,QQQ,HOLD,163,611.0700073242188,,685.92,,,3
2026-06-11,GLD,SELL,204,490.0,386.3200073242188,465.26,-21150.72,-21.16,3
2026-06-11,TLT,SELL,1129,88.52999877929688,85.9800033569336,87.38,-2878.94,-2.88,3
2026-06-11,DBC,HOLD,3874,25.809999465942383,,27.86,,,3
2026-06-12,SPY,HOLD,147,679.9099731445312,,722.78,,,3
2026-06-12,QQQ,HOLD,163,611.0700073242188,,689.41,,,3
2026-06-12,GLD,SELL,204,490.0,386.5400085449219,465.26,-21105.84,-21.11,3
2026-06-12,TLT,SELL,1129,88.52999877929688,85.7699966430664,87.38,-3116.04,-3.12,3
2026-06-12,DBC,HOLD,3874,25.809999465942383,,27.58,,,3
2026-06-13,SPY,HOLD,147,679.9099731445312,,722.77,,,3
2026-06-13,QQQ,HOLD,163,611.0700073242188,,689.41,,,3
2026-06-13,GLD,SELL,204,490.0,386.5400085449219,465.26,-21105.84,-21.11,3
2026-06-13,TLT,SELL,1129,88.52999877929688,85.7699966430664,87.38,-3116.04,-3.12,3
2026-06-13,DBC,HOLD,3874,25.809999465942383,,27.58,,,3
2026-06-14,SPY,HOLD,147,679.9099731445312,,722.77,,,3
2026-06-14,QQQ,HOLD,163,611.0700073242188,,689.41,,,3
2026-06-14,GLD,SELL,204,490.0,386.5400085449219,465.26,-21105.84,-21.11,3
2026-06-14,TLT,SELL,1129,88.52999877929688,85.7699966430664,87.38,-3116.04,-3.12,3
2026-06-14,DBC,HOLD,3874,25.809999465942383,,27.58,,,3
2026-06-16,SPY,HOLD,147,679.9099731445312,,734.65,,,3
2026-06-16,QQQ,HOLD,163,611.0700073242188,,710.67,,,3
2026-06-16,GLD,SELL,204,490.0,396.5499877929688,465.26,-19063.8,-19.07,3
2026-06-16,TLT,SELL,1129,88.52999877929688,85.72000122070312,87.38,-3172.49,-3.17,3
2026-06-16,DBC,HOLD,3874,25.809999465942383,,27.26,,,3
2026-06-16,SPY,HOLD,147,679.9099731445312,,729.8,,,3
2026-06-16,QQQ,HOLD,163,611.0700073242188,,695.58,,,3
2026-06-16,GLD,SELL,204,490.0,397.6300048828125,465.26,-18843.48,-18.85,3
2026-06-16,TLT,SELL,1129,88.52999877929688,86.19000244140625,87.38,-2641.86,-2.64,3
2026-06-16,DBC,HOLD,3874,25.809999465942383,,26.97,,,3
2026-06-17,SPY,HOLD,147,679.9099731445312,,719.44,,,3
2026-06-17,QQQ,HOLD,163,611.0700073242188,,687.56,,,3
2026-06-17,GLD,SELL,204,490.0,388.6000061035156,465.26,-20685.6,-20.69,3
2026-06-17,TLT,SELL,1129,88.52999877929688,86.33000183105469,87.38,-2483.8,-2.49,3
2026-06-17,DBC,HOLD,3874,25.809999465942383,,26.75,,,3
2026-06-18,SPY,HOLD,147,679.9099731445312,,724.67,,,3
2026-06-18,QQQ,HOLD,163,611.0700073242188,,703.83,,,3
2026-06-18,GLD,SELL,204,490.0,387.1199951171875,465.26,-20987.52,-21.0,3
2026-06-18,TLT,SELL,1129,88.52999877929688,86.75,87.38,-2009.62,-2.01,3
2026-06-18,DBC,HOLD,3874,25.809999465942383,,26.67,,,3
2026-06-19,SPY,HOLD,147,679.9099731445312,,724.45,,,3
2026-06-19,QQQ,HOLD,163,611.0700073242188,,703.83,,,3
2026-06-19,GLD,SELL,204,490.0,387.1199951171875,465.26,-20987.52,-21.0,3
2026-06-19,TLT,SELL,1129,88.52999877929688,86.75,87.38,-2009.62,-2.01,3
2026-06-19,DBC,HOLD,3874,25.809999465942383,,26.75,,,3
